,precision,recall,f1-score,support
Fake,0.8782816229116945,0.92,0.8986568986568987,400.0
Real,0.916010498687664,0.8725,0.8937259923175416,400.0
accuracy,0.89625,0.89625,0.89625,0.89625
macro avg,0.8971460607996793,0.89625,0.8961914454872202,800.0
weighted avg,0.8971460607996792,0.89625,0.8961914454872201,800.0
