,precision,recall,f1-score,support
Fake,0.933649289099526,0.985,0.9586374695863747,400.0
Real,0.9841269841269841,0.93,0.9562982005141388,400.0
accuracy,0.9575,0.9575,0.9575,0.9575
macro avg,0.9588881366132551,0.9575,0.9574678350502568,800.0
weighted avg,0.9588881366132551,0.9575,0.9574678350502569,800.0
