,precision,recall,f1-score,support
Fake,0.8785714285714286,0.9225,0.9,400.0
Real,0.9184210526315789,0.8725,0.8948717948717949,400.0
accuracy,0.8975,0.8975,0.8975,0.8975
macro avg,0.8984962406015038,0.8975,0.8974358974358975,800.0
weighted avg,0.8984962406015038,0.8975,0.8974358974358975,800.0
