,precision,recall,f1-score,support
Fake,0.9093023255813953,0.9775,0.9421686746987952,400.0
Real,0.9756756756756757,0.9025,0.9376623376623376,400.0
accuracy,0.94,0.94,0.94,0.94
macro avg,0.9424890006285356,0.94,0.9399155061805664,800.0
weighted avg,0.9424890006285355,0.94,0.9399155061805664,800.0
