,precision,recall,f1-score,support
Fake,0.9307875894988067,0.975,0.9523809523809523,400.0
Real,0.973753280839895,0.9275,0.9500640204865557,400.0
accuracy,0.95125,0.95125,0.95125,0.95125
macro avg,0.9522704351693508,0.9512499999999999,0.951222486433754,800.0
weighted avg,0.9522704351693508,0.95125,0.951222486433754,800.0
