,precision,recall,f1-score,support
Fake,0.933806146572104,0.9875,0.959902794653706,400.0
Real,0.986737400530504,0.93,0.9575289575289575,400.0
accuracy,0.95875,0.95875,0.95875,0.95875
macro avg,0.960271773551304,0.95875,0.9587158760913317,800.0
weighted avg,0.9602717735513039,0.95875,0.9587158760913317,800.0
