,precision,recall,f1-score,support
Fake,0.927097717488425,0.9611368421052632,0.9438104688662863,23750.0
Real,0.9596555642975785,0.9244210526315789,0.9417088444711332,23750.0
accuracy,0.942778947368421,0.942778947368421,0.942778947368421,0.942778947368421
macro avg,0.9433766408930018,0.942778947368421,0.9427596566687098,47500.0
weighted avg,0.9433766408930018,0.942778947368421,0.9427596566687098,47500.0
