,precision,recall,f1-score,support
Fake,0.930622009569378,0.9725,0.9511002444987775,400.0
Real,0.9712041884816754,0.9275,0.948849104859335,400.0
accuracy,0.95,0.95,0.95,0.95
macro avg,0.9509130990255268,0.95,0.9499746746790563,800.0
weighted avg,0.9509130990255267,0.95,0.9499746746790564,800.0
