,precision,recall,f1-score,support
Fake,0.9443793911007026,0.9678,0.9559462662979059,10000.0
Real,0.9669811320754716,0.943,0.9548400162008911,10000.0
accuracy,0.9554,0.9554,0.9554,0.9554
macro avg,0.955680261588087,0.9554,0.9553931412493986,20000.0
weighted avg,0.9556802615880872,0.9554,0.9553931412493984,20000.0
