,precision,recall,f1-score,support
Fake,0.9107981220657277,0.97,0.9394673123486683,400.0
Real,0.9679144385026738,0.905,0.9354005167958657,400.0
accuracy,0.9375,0.9375,0.9375,0.9375
macro avg,0.9393562802842008,0.9375,0.937433914572267,800.0
weighted avg,0.9393562802842007,0.9375,0.9374339145722669,800.0
