,precision,recall,f1-score,support
Fake,0.94466133125122,0.9679,0.9561394843425862,10000.0
Real,0.9670904244412548,0.9433,0.9550470790725929,10000.0
accuracy,0.9556,0.9556,0.9556,0.9556
macro avg,0.9558758778462374,0.9556,0.9555932817075896,20000.0
weighted avg,0.9558758778462374,0.9556,0.9555932817075896,20000.0
